0,42,23,22,1,17,22,25,0,868.1,SF7BW125,-79,6,624512255,13,11,2019,10:23:57
2,42,23,23,1,16,22,25,0,868.1,SF7BW125,-81,6,1251579040,13,11,2019,10:34:24
3,42,23,23,1,16,23,25,0,868.1,SF7BW125,-78,6,1565119887,13,11,2019,10:39:40
5,42,23,23,1,15,23,25,0,868.1,SF7BW125,-75,6,2192364515,13,11,2019,10:50:07
6,42,23,23,1,15,23,25,0,868.1,SF7BW125,-74,6,2505901285,13,11,2019,10:55:16
7,42,23,23,1,15,23,25,0,868.1,SF7BW125,-74,6,2819443039,13,11,2019,11:00:32
9,42,24,23,1,15,23,25,0,868.1,SF7BW125,-75,6,3446523517,13,11,2019,11:11:02
47,47,22,22,1,255,21,24,0,868.1,SF7BW125,-77,6,59093474,13,11,2019,14:29:37
0,47,22,22,1,0,21,24,0,868.1,SF7BW125,-79,6,129887680,13,11,2019,14:35:45
2,48,22,21,1,19,21,24,0,868.1,SF7BW125,-79,6,756981226,13,11,2019,14:46:07
3,48,22,21,1,19,21,24,0,868.1,SF7BW125,-81,6,1070528922,13,11,2019,14:51:16
4,48,22,21,1,19,21,24,0,868.1,SF7BW125,-70,6,1384083607,13,11,2019,14:56:34
6,48,22,21,1,20,21,24,0,868.1,SF7BW125,-74,6,2011341945,13,11,2019,15:06:59
8,48,22,21,1,20,21,24,0,868.1,SF7BW125,-74,6,2638414255,13,11,2019,15:17:27
9,48,22,21,1,20,21,24,0,868.1,SF7BW125,-75,6,2951949920,13,11,2019,15:22:49
10,48,21,21,1,20,21,24,0,868.1,SF7BW125,-75,5,3265668583,13,11,2019,15:27:50
12,48,21,21,1,21,21,24,0,868.1,SF7BW125,-72,6,3892768925,13,11,2019,15:38:19
13,48,21,21,1,21,21,23,0,868.1,SF7BW125,-75,6,4206320603,13,11,2019,15:43:44
15,48,21,21,1,21,21,23,0,868.1,SF7BW125,-72,6,538506650,13,11,2019,15:54:03
17,48,21,21,1,255,20,23,0,868.1,SF7BW125,-77,6,1165779989,13,11,2019,16:04:27
19,48,21,21,1,255,20,23,0,868.1,SF7BW125,-75,6,1792899326,13,11,2019,16:14:53
21,47,21,21,1,255,20,23,0,868.1,SF7BW125,-76,6,2420390651,13,11,2019,16:25:21
22,47,21,21,1,255,20,23,0,868.1,SF7BW125,-76,6,2733973320,13,11,2019,16:30:34
26,47,21,21,1,255,20,23,0,868.1,SF7BW125,-72,6,3988346006,13,11,2019,16:51:31
27,47,21,21,1,255,20,23,0,868.1,SF7BW125,-71,6,7120380,13,11,2019,16:56:42
28,47,21,20,1,255,20,23,0,868.1,SF7BW125,-74,6,320701048,13,11,2019,17:01:56
30,48,21,20,1,255,20,23,0,868.1,SF7BW125,-74,6,948048396,13,11,2019,17:12:25
31,48,21,20,1,255,20,23,0,868.1,SF7BW125,-72,6,1261592065,13,11,2019,17:17:44
32,48,21,20,1,255,20,23,0,868.1,SF7BW125,-74,6,1575312735,13,11,2019,17:22:50
33,48,21,20,1,255,20,23,0,868.1,SF7BW125,-72,6,1888880398,13,11,2019,17:28:09
34,48,21,20,1,255,20,23,0,868.1,SF7BW125,-72,6,2202443068,13,11,2019,17:33:21
37,48,21,20,1,255,20,23,0,868.1,SF7BW125,-72,6,3143135073,13,11,2019,17:49:00
38,48,21,20,1,255,20,23,0,868.1,SF7BW125,-72,6,3456867741,13,11,2019,17:54:12
39,48,21,20,1,255,20,23,0,868.1,SF7BW125,-72,6,3770429419,13,11,2019,17:59:30
40,48,21,20,1,255,20,23,0,868.1,SF7BW125,-72,6,4083985088,13,11,2019,18:04:39
41,48,21,20,1,255,20,23,0,868.1,SF7BW125,-74,6,102573456,13,11,2019,18:09:53
43,48,21,20,1,255,20,23,0,868.1,SF7BW125,-75,6,730042794,13,11,2019,18:20:19
44,48,21,20,1,255,20,23,0,868.1,SF7BW125,-74,6,1043621460,13,11,2019,18:25:34
45,48,21,20,1,255,20,23,0,868.1,SF7BW125,-76,6,1357199127,13,11,2019,18:30:48
46,48,21,20,1,255,20,23,0,868.1,SF7BW125,-74,6,1670763804,13,11,2019,18:36:03
47,48,21,20,1,255,20,23,0,868.1,SF7BW125,-74,6,1984343471,13,11,2019,18:41:15
48,48,21,20,1,255,20,23,0,868.1,SF7BW125,-74,6,2297915138,13,11,2019,18:46:32
50,48,20,20,1,255,20,23,0,868.1,SF7BW125,-74,6,2925213487,13,11,2019,18:56:56
51,48,20,20,1,255,20,23,0,868.1,SF7BW125,-76,6,3238783159,13,11,2019,19:02:08
52,47,20,20,1,255,20,23,0,868.1,SF7BW125,-75,6,3552355839,13,11,2019,19:07:25
53,48,20,20,1,255,20,23,0,868.1,SF7BW125,-75,6,3865936512,13,11,2019,19:12:47
54,47,20,20,1,255,20,23,0,868.1,SF7BW125,-77,6,4179688183,13,11,2019,19:17:49
55,47,20,20,1,255,20,22,0,868.1,SF7BW125,-75,6,198288561,13,11,2019,19:23:21
56,47,20,20,1,255,20,23,0,868.1,SF7BW125,-75,6,511846234,13,11,2019,19:28:16
57,47,20,20,1,255,20,22,0,868.1,SF7BW125,-74,6,825400906,13,11,2019,19:33:37
58,47,20,20,1,255,20,22,0,868.1,SF7BW125,-74,6,1138963590,13,11,2019,19:38:43
59,47,20,20,1,255,20,22,0,868.1,SF7BW125,-74,6,1452517257,13,11,2019,19:44:01
60,47,20,20,1,255,20,22,0,868.1,SF7BW125,-74,6,1766254937,13,11,2019,19:49:11
61,47,20,20,1,255,20,22,0,868.1,SF7BW125,-74,6,2079818626,13,11,2019,19:54:26
62,47,20,20,1,255,20,22,0,868.1,SF7BW125,-74,6,2393387300,13,11,2019,19:59:43
65,47,20,20,1,255,20,22,0,868.1,SF7BW125,-74,6,3334050340,13,11,2019,20:15:28
66,47,20,20,1,255,20,22,0,868.1,SF7BW125,-72,6,3647939029,13,11,2019,20:20:32
67,47,20,20,1,255,20,22,0,868.1,SF7BW125,-74,6,3961484711,13,11,2019,20:25:46
68,47,20,20,1,255,20,22,0,868.1,SF7BW125,-74,6,4275026395,13,11,2019,20:31:01
69,47,20,20,1,255,20,22,0,868.1,SF7BW125,-75,5,293676781,13,11,2019,20:36:14
70,47,20,20,1,255,19,22,0,868.1,SF7BW125,-75,6,607225462,13,11,2019,20:41:31
71,47,20,20,1,255,19,22,0,868.1,SF7BW125,-75,7,921105151,13,11,2019,20:46:40
72,47,20,20,1,255,19,22,0,868.1,SF7BW125,-75,6,1234672835,13,11,2019,20:51:55
73,47,20,20,1,255,19,22,0,868.1,SF7BW125,-75,6,1548231518,13,11,2019,20:57:08
74,47,20,20,1,255,19,22,0,868.1,SF7BW125,-76,6,1861795200,13,11,2019,21:02:21
77,47,20,20,1,255,19,22,0,868.1,SF7BW125,-75,5,2802958251,13,11,2019,21:18:08
78,47,20,20,1,255,19,22,0,868.1,SF7BW125,-76,6,3116509937,13,11,2019,21:23:16
81,47,20,20,1,255,19,22,0,868.1,SF7BW125,-75,6,4057162988,13,11,2019,21:38:57
83,47,20,20,1,255,19,22,0,868.1,SF7BW125,-72,6,389626060,13,11,2019,21:49:28
85,47,20,20,1,255,19,22,0,868.1,SF7BW125,-72,6,1016725437,13,11,2019,21:59:51
88,47,20,20,1,255,19,22,0,868.1,SF7BW125,-72,6,1957930505,13,11,2019,22:15:32
89,47,20,20,1,255,19,22,0,868.1,SF7BW125,-72,6,2271520193,13,11,2019,22:20:45
90,47,20,20,1,255,19,22,0,868.1,SF7BW125,-75,6,2585111889,13,11,2019,22:25:59
91,47,20,20,1,255,19,22,0,868.1,SF7BW125,-76,6,2898700588,13,11,2019,22:31:13
92,47,20,20,1,255,19,22,0,868.1,SF7BW125,-76,6,3212275288,13,11,2019,22:36:27
93,47,20,20,1,255,19,22,0,868.1,SF7BW125,-75,6,3526029984,13,11,2019,22:41:40
94,47,20,20,1,255,19,22,0,868.1,SF7BW125,-76,5,3839595671,13,11,2019,22:46:53
95,47,20,20,1,255,19,22,0,868.1,SF7BW125,-76,6,4153164372,13,11,2019,22:52:07
96,47,20,19,1,255,19,22,0,868.1,SF7BW125,-76,6,171765763,13,11,2019,22:57:22
97,47,20,19,1,255,19,22,0,868.1,SF7BW125,-76,6,485338456,13,11,2019,23:02:34
98,47,20,19,1,255,19,22,0,868.1,SF7BW125,-76,6,798905147,13,11,2019,23:07:48
100,47,20,19,1,255,19,22,0,868.1,SF7BW125,-76,6,1426231528,13,11,2019,23:18:15
101,47,20,19,1,255,19,22,0,868.1,SF7BW125,-76,6,1739805221,13,11,2019,23:23:33
102,47,20,19,1,255,19,22,0,868.1,SF7BW125,-76,6,2053371912,13,11,2019,23:28:42
103,47,20,19,1,255,19,22,0,868.1,SF7BW125,-76,6,2366942605,13,11,2019,23:33:58
104,47,20,19,1,255,19,22,0,868.1,SF7BW125,-76,6,2680680293,13,11,2019,23:39:10
105,47,20,19,1,255,19,22,0,868.1,SF7BW125,-76,6,2994254994,13,11,2019,23:44:24
107,47,20,19,1,255,19,22,0,868.1,SF7BW125,-76,6,3621433387,13,11,2019,23:54:51
111,47,20,19,1,255,19,22,0,868.1,SF7BW125,-76,6,581162872,14,11,2019,00:15:45
112,47,20,19,1,255,19,22,0,868.1,SF7BW125,-76,6,894747568,14,11,2019,00:21:01
113,47,20,19,1,255,19,22,0,868.1,SF7BW125,-76,6,1208344264,14,11,2019,00:26:12
114,47,20,19,1,255,19,22,0,868.1,SF7BW125,-76,6,1521931960,14,11,2019,00:31:29
115,47,20,19,1,255,19,22,0,868.1,SF7BW125,-76,6,1835693662,14,11,2019,00:36:40
116,47,20,19,1,255,19,22,0,868.1,SF7BW125,-76,6,2149280366,14,11,2019,00:41:54
117,47,20,19,1,255,19,22,0,868.1,SF7BW125,-75,6,2462866060,14,11,2019,00:47:07
118,46,20,19,1,255,19,22,0,868.1,SF7BW125,-77,6,2776447765,14,11,2019,00:52:22
121,46,20,19,1,255,19,22,0,868.1,SF7BW125,-76,6,3717380888,14,11,2019,01:08:05
122,46,20,19,1,255,19,22,0,868.1,SF7BW125,-76,6,4030955593,14,11,2019,01:13:17
123,46,20,19,1,255,19,22,0,868.1,SF7BW125,-76,5,49567005,14,11,2019,01:18:30
125,46,20,19,1,255,19,22,0,868.1,SF7BW125,-76,6,676722413,14,11,2019,01:28:57
126,46,20,19,1,255,19,22,0,868.1,SF7BW125,-76,6,990466122,14,11,2019,01:34:11
127,46,20,19,1,255,19,22,0,868.1,SF7BW125,-76,6,1304050821,14,11,2019,01:39:28
128,46,20,19,1,255,19,22,0,868.1,SF7BW125,-76,6,1617626525,14,11,2019,01:44:46
129,46,20,19,1,255,19,22,0,868.1,SF7BW125,-75,6,1931206233,14,11,2019,01:49:51
130,46,20,19,1,255,19,22,0,868.1,SF7BW125,-76,6,2244791944,14,11,2019,01:55:07
131,46,20,19,1,255,19,22,0,868.1,SF7BW125,-75,6,2558369653,14,11,2019,02:00:18
132,46,20,19,1,255,19,22,0,868.1,SF7BW125,-76,6,2872119361,14,11,2019,02:05:35
133,46,20,19,1,255,19,22,0,868.1,SF7BW125,-76,6,3185881079,14,11,2019,02:10:45
134,46,20,19,1,255,19,22,0,868.1,SF7BW125,-76,6,3499459800,14,11,2019,02:16:02
135,46,20,19,1,255,19,22,0,868.1,SF7BW125,-76,5,3813043516,14,11,2019,02:21:14
136,46,20,19,1,255,19,22,0,868.1,SF7BW125,-76,6,4126608230,14,11,2019,02:26:28
138,46,20,19,1,255,19,22,0,868.1,SF7BW125,-76,6,459024356,14,11,2019,02:36:53
139,46,19,19,1,255,19,22,0,868.1,SF7BW125,-76,6,772592067,14,11,2019,02:42:07
140,46,19,19,1,255,19,22,0,868.1,SF7BW125,-76,6,1086163781,14,11,2019,02:47:22
141,46,19,19,1,255,19,22,0,868.1,SF7BW125,-76,6,1399752487,14,11,2019,02:52:34
142,46,19,19,1,255,19,22,0,868.1,SF7BW125,-75,6,1713344199,14,11,2019,02:57:47
143,46,19,19,1,255,19,22,0,868.1,SF7BW125,-76,5,2027265913,14,11,2019,03:03:04
144,46,19,19,1,255,19,22,0,868.1,SF7BW125,-76,6,2340836622,14,11,2019,03:08:16
145,46,19,19,1,255,19,22,0,868.1,SF7BW125,-76,6,2654406331,14,11,2019,03:13:36
147,46,19,19,1,255,19,22,0,868.1,SF7BW125,-76,6,3281552751,14,11,2019,03:23:57
148,46,19,19,1,255,19,22,0,868.1,SF7BW125,-76,6,3595464462,14,11,2019,03:29:09
149,46,19,19,1,255,19,22,0,868.1,SF7BW125,-76,6,3909030179,14,11,2019,03:34:23
150,46,19,19,1,255,19,22,0,868.1,SF7BW125,-75,6,4222594888,14,11,2019,03:39:40
153,46,19,19,1,255,19,22,0,868.1,SF7BW125,-75,5,868697731,14,11,2019,03:55:20
154,46,19,19,1,255,19,22,0,868.1,SF7BW125,-76,6,1182450444,14,11,2019,04:00:32
155,46,19,19,1,255,19,22,0,868.1,SF7BW125,-76,6,1496194157,14,11,2019,04:05:45
156,46,19,19,1,255,19,22,0,868.1,SF7BW125,-76,6,1809760874,14,11,2019,04:11:00
157,46,19,19,1,255,19,22,0,868.1,SF7BW125,-76,6,2123324587,14,11,2019,04:16:12
158,46,19,19,1,255,19,22,0,868.1,SF7BW125,-76,6,2436909305,14,11,2019,04:21:28
159,46,19,19,1,255,19,22,0,868.1,SF7BW125,-76,6,2750666018,14,11,2019,04:26:40
160,46,19,19,1,255,19,22,0,868.1,SF7BW125,-75,6,3064243738,14,11,2019,04:31:53
161,46,19,19,1,255,19,22,0,868.1,SF7BW125,-76,6,3377821450,14,11,2019,04:37:07
162,46,19,19,1,255,19,22,0,868.1,SF7BW125,-76,6,3691410172,14,11,2019,04:42:21
163,46,19,19,1,255,19,22,0,868.1,SF7BW125,-75,6,4004994892,14,11,2019,04:47:34
165,46,19,19,1,255,19,22,0,868.1,SF7BW125,-76,6,337353033,14,11,2019,04:58:03
166,46,19,19,1,255,19,22,0,868.1,SF7BW125,-75,6,651101750,14,11,2019,05:03:15
167,46,19,19,1,255,19,22,0,868.1,SF7BW125,-75,6,964684469,14,11,2019,05:08:31
169,46,19,19,1,255,19,22,0,868.1,SF7BW125,-76,6,1591839902,14,11,2019,05:18:56
170,46,19,19,1,255,18,22,0,868.1,SF7BW125,-75,6,1905594629,14,11,2019,05:24:10
171,46,19,19,1,255,18,22,0,868.1,SF7BW125,-76,6,2219174352,14,11,2019,05:29:25
173,46,19,19,1,255,18,22,0,868.1,SF7BW125,-75,6,2846346788,14,11,2019,05:39:50
176,46,19,19,1,255,18,22,0,868.1,SF7BW125,-76,6,3787263950,14,11,2019,05:55:32
177,46,19,19,1,255,18,22,0,868.1,SF7BW125,-74,6,4100839676,14,11,2019,06:00:45
178,46,19,19,1,255,18,22,0,868.1,SF7BW125,-75,6,119644102,14,11,2019,06:06:00
179,46,19,19,1,255,18,22,0,868.1,SF7BW125,-74,6,433244823,14,11,2019,06:11:14
180,47,19,19,1,255,18,22,0,868.1,SF7BW125,-75,6,746842545,14,11,2019,06:16:26
181,47,19,19,1,255,18,22,0,868.1,SF7BW125,-75,6,1060605266,14,11,2019,06:21:39
182,47,19,19,1,255,18,22,0,868.1,SF7BW125,-75,5,1374195987,14,11,2019,06:26:53
183,47,19,19,1,255,18,22,0,868.1,SF7BW125,-75,5,1687805709,14,11,2019,06:32:08
184,47,19,19,1,255,18,22,0,868.1,SF7BW125,-76,6,2001408426,14,11,2019,06:37:22
185,47,19,19,1,255,18,22,0,868.1,SF7BW125,-76,6,2314998151,14,11,2019,06:42:36
186,47,19,19,1,255,18,21,0,868.1,SF7BW125,-75,6,2628584871,14,11,2019,06:47:47
187,47,19,19,1,255,18,21,0,868.1,SF7BW125,-75,6,2942346595,14,11,2019,06:53:03
188,47,19,19,1,255,18,21,0,868.1,SF7BW125,-75,6,3255940315,14,11,2019,06:58:14
189,47,19,19,1,255,18,21,0,868.1,SF7BW125,-76,6,3569537032,14,11,2019,07:03:30
190,47,19,19,1,255,18,21,0,868.1,SF7BW125,-75,6,3883144753,14,11,2019,07:08:42
191,47,19,19,1,255,18,21,0,868.1,SF7BW125,-75,6,4196742472,14,11,2019,07:13:59
192,47,19,19,1,255,18,22,0,868.1,SF7BW125,-75,6,215542888,14,11,2019,07:19:09
193,47,19,19,1,255,18,21,0,868.1,SF7BW125,-75,5,529148609,14,11,2019,07:24:23
195,47,19,19,1,255,18,21,0,868.1,SF7BW125,-75,6,1156394042,14,11,2019,07:34:50
197,47,19,19,1,255,18,21,0,868.1,SF7BW125,-75,6,1783620479,14,11,2019,07:45:17
198,47,19,19,1,255,18,21,0,868.1,SF7BW125,-75,6,2097394194,14,11,2019,07:50:32
199,47,19,19,1,255,18,21,0,868.1,SF7BW125,-75,6,2410986915,14,11,2019,07:55:44
200,47,19,19,1,255,18,21,0,868.1,SF7BW125,-75,6,2724745627,14,11,2019,08:00:59
201,47,19,19,1,255,18,21,0,868.1,SF7BW125,-75,6,3038341344,14,11,2019,08:06:12
202,47,19,19,1,255,18,21,0,868.1,SF7BW125,-75,6,3351945058,14,11,2019,08:11:27
203,47,19,19,1,255,18,21,0,868.1,SF7BW125,-74,6,3665725770,14,11,2019,08:16:39
204,47,19,19,1,255,18,21,0,868.1,SF7BW125,-74,6,3979348484,14,11,2019,08:21:54
206,48,19,19,1,255,18,21,0,868.1,SF7BW125,-75,6,311603612,14,11,2019,08:32:21
207,48,19,19,1,255,18,21,0,868.1,SF7BW125,-75,6,625269307,14,11,2019,08:37:36
208,48,19,19,1,255,18,22,0,868.1,SF7BW125,-75,6,939040997,14,11,2019,08:42:48
209,47,19,19,1,255,18,22,0,868.1,SF7BW125,-75,6,1252801688,14,11,2019,08:48:03
210,46,20,19,1,255,19,22,0,868.1,SF7BW125,-75,6,1566400368,14,11,2019,08:53:16
211,46,20,20,1,255,19,22,0,868.1,SF7BW125,-75,6,1879982086,14,11,2019,08:58:30
212,46,20,20,1,255,19,22,0,868.1,SF7BW125,-75,6,2193569810,14,11,2019,09:03:42
213,45,21,20,1,255,20,23,0,868.1,SF7BW125,-74,6,2507171563,14,11,2019,09:08:58
214,45,21,20,1,255,20,23,0,868.1,SF7BW125,-74,6,2820932333,14,11,2019,09:14:10
215,45,21,20,1,255,20,23,0,868.1,SF7BW125,-75,6,3134526117,14,11,2019,09:19:27
217,45,21,21,1,255,20,23,0,868.1,SF7BW125,-77,6,3761842743,14,11,2019,09:29:50
220,46,22,21,1,255,21,24,0,868.1,SF7BW125,-76,6,407800984,14,11,2019,09:45:33
221,46,22,21,1,255,21,24,0,868.1,SF7BW125,-80,6,721397865,14,11,2019,09:50:46
222,45,22,21,1,255,21,24,0,868.1,SF7BW125,-76,6,1034981752,14,11,2019,09:56:01
223,45,22,21,1,255,21,24,0,868.1,SF7BW125,-76,6,1348747655,14,11,2019,10:01:13
224,45,22,22,1,255,21,24,0,868.1,SF7BW125,-75,6,1662325588,14,11,2019,10:06:31
226,45,22,22,1,255,22,24,0,868.1,SF7BW125,-77,7,2289665485,14,11,2019,10:16:55
227,46,22,22,1,255,22,24,0,868.1,SF7BW125,-77,7,2603245490,14,11,2019,10:22:07
228,47,22,21,1,255,21,24,0,868.1,SF7BW125,-76,6,2916830471,14,11,2019,10:27:24
229,47,22,21,1,255,21,24,0,868.1,SF7BW125,-76,7,3230407452,14,11,2019,10:32:34
230,48,22,21,1,255,21,24,0,868.1,SF7BW125,-75,6,3544158415,14,11,2019,10:37:48
233,48,22,21,1,255,21,24,0,868.1,SF7BW125,-76,6,190260976,14,11,2019,10:53:36
234,49,21,21,1,255,21,24,0,868.1,SF7BW125,-77,6,503837914,14,11,2019,10:58:44
235,49,21,21,1,255,21,24,0,868.1,SF7BW125,-76,7,817395852,14,11,2019,11:03:57
236,49,21,21,1,255,21,23,0,868.1,SF7BW125,-74,6,1131143782,14,11,2019,11:09:11
237,49,21,21,1,255,21,23,0,868.1,SF7BW125,-77,7,1444734707,14,11,2019,11:14:28
239,49,21,21,1,255,21,23,0,868.1,SF7BW125,-75,6,2071905542,14,11,2019,11:24:50
242,50,21,21,1,255,20,23,0,868.1,SF7BW125,-80,6,3012759274,14,11,2019,11:40:31
243,50,21,21,1,255,20,23,0,868.1,SF7BW125,-77,6,3326323174,14,11,2019,11:45:45
244,50,21,21,1,255,20,23,0,868.1,SF7BW125,-79,6,3639897083,14,11,2019,11:50:59
245,50,21,21,1,255,20,23,0,868.1,SF7BW125,-82,6,3953631978,14,11,2019,11:56:13
246,51,21,21,1,255,20,23,0,868.1,SF7BW125,-77,6,4267195886,14,11,2019,12:01:31
247,51,21,21,1,255,20,23,0,868.1,SF7BW125,-77,6,285965481,14,11,2019,12:06:40
248,50,21,21,1,255,20,23,0,868.1,SF7BW125,-78,5,599531380,14,11,2019,12:11:58
249,51,21,21,1,255,20,23,0,868.1,SF7BW125,-79,6,913099272,14,11,2019,12:17:06
250,51,21,21,1,255,20,23,0,868.1,SF7BW125,-79,6,1226665175,14,11,2019,12:22:22
253,51,21,21,1,255,20,23,0,868.1,SF7BW125,-78,6,2167747819,14,11,2019,12:38:05
254,51,21,21,1,255,20,23,0,868.1,SF7BW125,-79,6,2481314694,14,11,2019,12:43:17
1,50,21,20,1,255,20,23,0,868.1,SF7BW125,-79,6,3422023325,14,11,2019,12:58:58
2,50,21,20,1,255,20,23,0,868.1,SF7BW125,-77,6,3735582195,14,11,2019,13:04:09
3,50,21,20,1,255,20,23,0,868.1,SF7BW125,-91,6,4049315074,14,11,2019,13:09:28
4,50,21,20,1,255,20,23,0,868.1,SF7BW125,-91,6,67919655,14,11,2019,13:14:39
5,50,21,20,1,255,20,23,0,868.1,SF7BW125,-84,6,381483528,14,11,2019,13:19:51
7,50,21,20,1,255,20,23,0,868.1,SF7BW125,-83,6,1008609280,14,11,2019,13:30:18
8,50,21,20,1,255,20,23,0,868.1,SF7BW125,-83,6,1322347157,14,11,2019,13:35:34
9,50,21,20,1,255,20,23,0,868.1,SF7BW125,-80,6,1635908027,14,11,2019,13:40:46
10,50,21,20,1,255,20,23,0,868.1,SF7BW125,-80,6,1949476903,14,11,2019,13:46:01
11,50,21,20,1,255,20,23,0,868.1,SF7BW125,-85,6,2263060772,14,11,2019,13:51:11
12,50,21,20,1,255,20,23,0,868.1,SF7BW125,-80,6,2576804627,14,11,2019,13:56:30
14,50,21,20,1,255,20,23,0,868.1,SF7BW125,-83,7,3204285289,14,11,2019,14:06:54
16,49,21,20,1,255,20,23,0,868.1,SF7BW125,-82,6,3831446928,14,11,2019,14:17:22
17,49,21,20,1,255,20,23,0,868.1,SF7BW125,-71,6,4145022748,14,11,2019,14:22:34
18,49,21,20,1,255,20,23,0,868.1,SF7BW125,-88,6,163636229,14,11,2019,14:27:47
20,49,21,20,1,255,20,23,0,868.1,SF7BW125,-78,6,791023766,14,11,2019,14:38:14
21,49,21,20,1,255,20,23,0,868.1,SF7BW125,-79,6,1104588534,14,11,2019,14:43:34
22,49,21,20,1,255,20,23,0,868.1,SF7BW125,-82,6,1418160292,14,11,2019,14:48:43
23,49,21,20,1,255,20,23,0,868.1,SF7BW125,-81,6,1731738042,14,11,2019,14:53:57
24,49,21,20,1,255,20,23,0,868.1,SF7BW125,-84,6,2045303787,14,11,2019,14:59:09
25,50,21,20,1,255,20,23,0,868.1,SF7BW125,-80,7,2359060530,14,11,2019,15:04:24
26,49,20,20,1,255,20,23,0,868.1,SF7BW125,-78,6,2672647262,14,11,2019,15:09:42
29,49,20,20,1,255,20,22,0,868.1,SF7BW125,-78,6,3613404461,14,11,2019,15:25:18
31,49,20,20,1,255,20,22,0,868.1,SF7BW125,-79,6,4240757919,14,11,2019,15:35:44
32,49,20,20,1,255,20,22,0,868.1,SF7BW125,-79,6,259374342,14,11,2019,15:41:00
33,49,20,20,1,255,20,22,0,868.1,SF7BW125,-77,6,572953056,14,11,2019,15:46:12
34,49,20,20,1,255,20,22,0,868.1,SF7BW125,-78,6,886876772,14,11,2019,15:51:31
35,49,20,20,1,255,19,22,0,868.1,SF7BW125,-79,6,1200447482,14,11,2019,15:56:38
36,49,20,20,1,255,19,22,0,868.1,SF7BW125,-77,6,1514201200,14,11,2019,16:01:54
37,49,20,20,1,255,19,22,0,868.1,SF7BW125,-80,6,1827781904,14,11,2019,16:07:06
38,49,20,20,1,255,19,22,0,868.1,SF7BW125,-79,6,2141356607,14,11,2019,16:12:23
39,49,20,20,1,255,19,22,0,868.1,SF7BW125,-79,6,2454935313,14,11,2019,16:17:37
40,49,20,20,1,255,19,22,0,868.1,SF7BW125,-77,7,2768527013,14,11,2019,16:22:47
41,49,20,20,1,255,19,22,0,868.1,SF7BW125,-75,6,3082266723,14,11,2019,16:28:02
42,49,20,20,1,255,19,22,0,868.1,SF7BW125,-76,6,3395830434,14,11,2019,16:33:15
45,48,20,20,1,255,19,22,0,868.1,SF7BW125,-75,6,41532261,14,11,2019,16:48:57
46,48,20,20,1,255,19,22,0,868.1,SF7BW125,-75,6,355099957,14,11,2019,16:54:09
47,49,20,20,1,255,19,22,0,868.1,SF7BW125,-75,6,668824647,14,11,2019,16:59:23
48,49,20,20,1,255,19,22,0,868.1,SF7BW125,-75,6,982381344,14,11,2019,17:04:37
49,49,20,20,1,255,19,22,0,868.1,SF7BW125,-76,6,1295931025,14,11,2019,17:09:50
51,49,20,19,1,255,19,22,0,868.1,SF7BW125,-76,6,1923030386,14,11,2019,17:20:17
52,49,20,19,1,255,19,22,0,868.1,SF7BW125,-76,6,2236929072,14,11,2019,17:25:32
53,49,20,19,1,255,19,22,0,868.1,SF7BW125,-75,3,2550642758,14,11,2019,17:30:45
54,49,20,19,1,255,19,22,0,868.1,SF7BW125,-75,6,2864197438,14,11,2019,17:36:00
55,49,20,19,1,255,19,22,0,868.1,SF7BW125,-76,6,3177744121,14,11,2019,17:41:11
56,49,20,19,1,255,19,22,0,868.1,SF7BW125,-75,6,3491475803,14,11,2019,17:46:26
58,49,20,19,1,255,19,22,0,868.1,SF7BW125,-76,5,4118759164,14,11,2019,17:56:53
60,49,20,19,1,255,19,22,0,868.1,SF7BW125,-76,6,450922238,14,11,2019,18:07:20
61,49,20,19,1,255,19,22,0,868.1,SF7BW125,-75,6,764501916,14,11,2019,18:12:33
62,49,20,19,1,255,19,22,0,868.1,SF7BW125,-77,6,1078078593,14,11,2019,18:17:46
63,49,20,19,1,255,19,22,0,868.1,SF7BW125,-80,6,1391819271,14,11,2019,18:23:04
64,49,20,19,1,255,19,22,0,868.1,SF7BW125,-75,6,1705390942,14,11,2019,18:28:13
65,49,20,19,1,255,19,22,0,868.1,SF7BW125,-75,6,2018970616,14,11,2019,18:33:28
66,49,20,19,1,255,19,22,0,868.1,SF7BW125,-71,6,2332543290,14,11,2019,18:38:41
67,49,20,19,1,255,19,22,0,868.1,SF7BW125,-76,6,2646115961,14,11,2019,18:43:58
69,49,20,19,1,255,19,22,0,868.1,SF7BW125,-71,6,3273432300,14,11,2019,18:54:22
70,49,20,19,1,255,19,22,0,868.1,SF7BW125,-78,6,3586996968,14,11,2019,18:59:39
71,49,20,19,1,255,19,22,0,868.1,SF7BW125,-75,6,3900560642,14,11,2019,19:04:49
73,49,20,19,1,255,19,22,0,868.1,SF7BW125,-77,6,232878680,14,11,2019,19:15:17
74,49,20,19,1,255,19,22,0,868.1,SF7BW125,-77,6,546613349,14,11,2019,19:20:30
75,49,20,19,1,255,19,22,0,868.1,SF7BW125,-76,6,860186016,14,11,2019,19:25:43
76,49,20,19,1,255,19,22,0,868.1,SF7BW125,-77,6,1173744676,14,11,2019,19:30:59
77,49,20,19,1,255,19,22,0,868.1,SF7BW125,-76,6,1487305340,14,11,2019,19:36:11
78,49,20,19,1,255,19,22,0,868.1,SF7BW125,-76,6,1800868001,14,11,2019,19:41:26
79,49,20,19,1,255,19,22,0,868.1,SF7BW125,-76,6,2114604665,14,11,2019,19:46:38
80,49,20,19,1,255,19,22,0,868.1,SF7BW125,-76,7,2428500326,14,11,2019,19:51:52
81,49,20,19,1,255,19,22,0,868.1,SF7BW125,-76,6,2742047984,14,11,2019,19:57:05
82,49,20,19,1,255,19,22,0,868.1,SF7BW125,-75,6,3055601649,14,11,2019,20:02:20
83,49,20,19,1,255,19,22,0,868.1,SF7BW125,-76,6,3369156306,14,11,2019,20:07:35
85,49,20,19,1,255,19,22,0,868.1,SF7BW125,-76,6,3996449623,14,11,2019,20:18:02
86,48,20,19,1,255,19,22,0,868.1,SF7BW125,-75,6,15046982,14,11,2019,20:23:13
88,48,20,19,1,255,19,22,0,868.1,SF7BW125,-75,6,642166302,14,11,2019,20:33:40
89,49,20,19,1,255,19,22,0,868.1,SF7BW125,-75,6,955791961,14,11,2019,20:38:56
90,49,20,19,1,255,19,22,0,868.1,SF7BW125,-75,6,1269350619,14,11,2019,20:44:07
91,49,20,19,1,255,19,22,0,868.1,SF7BW125,-75,6,1583086269,14,11,2019,20:49:24
92,49,20,19,1,255,19,22,0,868.1,SF7BW125,-75,6,1896662930,14,11,2019,20:54:37
93,49,20,19,1,255,19,22,0,868.1,SF7BW125,-76,6,2210239588,14,11,2019,20:59:48
94,49,20,19,1,255,19,22,0,868.1,SF7BW125,-75,6,2523814237,14,11,2019,21:05:01
95,49,20,19,1,255,19,22,0,868.1,SF7BW125,-75,6,2837391897,14,11,2019,21:10:15
96,49,20,19,1,255,19,22,0,868.1,SF7BW125,-75,6,3151131547,14,11,2019,21:15:29
97,49,20,19,1,255,19,22,0,868.1,SF7BW125,-75,6,3464713192,14,11,2019,21:20:47
98,48,20,19,1,255,19,22,0,868.1,SF7BW125,-75,6,3778284848,14,11,2019,21:25:58
99,49,20,19,1,255,19,22,0,868.1,SF7BW125,-75,6,4091876495,14,11,2019,21:31:10
100,49,20,19,1,255,19,22,0,868.1,SF7BW125,-75,6,110483849,14,11,2019,21:36:24
102,48,20,19,1,255,19,22,0,868.1,SF7BW125,-75,6,737973154,14,11,2019,21:46:51
103,48,20,19,1,255,19,22,0,868.1,SF7BW125,-75,6,1051550800,14,11,2019,21:52:04
104,48,20,19,1,255,19,22,0,868.1,SF7BW125,-75,5,1365141458,14,11,2019,21:57:20
105,48,20,19,1,255,19,22,0,868.1,SF7BW125,-75,5,1678901106,14,11,2019,22:02:32
106,48,20,19,1,255,19,22,0,868.1,SF7BW125,-75,6,1992476757,14,11,2019,22:07:45
107,48,20,19,1,255,19,22,0,868.1,SF7BW125,-75,6,2306241403,14,11,2019,22:13:02
108,48,20,19,1,255,19,22,0,868.1,SF7BW125,-75,6,2619833053,14,11,2019,22:18:13
109,48,19,19,1,255,19,22,0,868.1,SF7BW125,-75,6,2933432701,14,11,2019,22:23:28
110,48,19,19,1,255,19,22,0,868.1,SF7BW125,-75,6,3247021344,14,11,2019,22:28:40
111,48,19,19,1,255,19,22,0,868.1,SF7BW125,-75,5,3560607995,14,11,2019,22:33:53
112,48,19,19,1,255,19,22,0,868.1,SF7BW125,-75,6,3874195634,14,11,2019,22:39:07
113,48,19,19,1,255,19,22,0,868.1,SF7BW125,-75,6,4187962285,14,11,2019,22:44:21
114,48,19,19,1,255,19,22,0,868.1,SF7BW125,-75,6,206579626,14,11,2019,22:49:35
115,48,19,19,1,255,19,22,0,868.1,SF7BW125,-75,6,520179277,14,11,2019,22:54:48
118,48,19,19,1,255,19,22,0,868.1,SF7BW125,-75,6,1461210215,14,11,2019,23:10:31
119,48,19,19,1,255,19,22,0,868.1,SF7BW125,-75,6,1774815857,14,11,2019,23:15:42
120,48,19,19,1,255,19,22,0,868.1,SF7BW125,-75,6,2088403495,14,11,2019,23:20:58
121,48,19,19,1,255,19,22,0,868.1,SF7BW125,-75,6,2401993137,14,11,2019,23:26:10
122,48,19,19,1,255,19,22,0,868.1,SF7BW125,-74,6,2715584779,14,11,2019,23:31:24
123,48,19,19,1,255,19,22,0,868.1,SF7BW125,-75,5,3029345419,14,11,2019,23:36:37
124,48,19,19,1,255,19,22,0,868.1,SF7BW125,-75,6,3343104056,14,11,2019,23:41:51
125,48,19,19,1,255,19,22,0,868.1,SF7BW125,-75,6,3656698702,14,11,2019,23:47:04
126,48,19,19,1,255,19,22,0,868.1,SF7BW125,-75,6,3970303348,14,11,2019,23:52:18
127,48,19,19,1,255,19,22,0,868.1,SF7BW125,-75,5,4283897981,14,11,2019,23:57:34
129,48,19,19,1,255,19,22,0,868.1,SF7BW125,-75,6,616459974,15,11,2019,00:08:01
130,48,19,19,1,255,19,22,0,868.1,SF7BW125,-75,5,930240614,15,11,2019,00:13:13
131,48,19,19,1,255,19,22,0,868.1,SF7BW125,-75,6,1243833252,15,11,2019,00:18:28
133,48,19,19,1,255,19,22,0,868.1,SF7BW125,-75,6,1871184535,15,11,2019,00:28:55
134,48,19,19,1,255,19,22,0,868.1,SF7BW125,-75,6,2184785179,15,11,2019,00:34:08
135,48,19,19,1,255,19,22,0,868.1,SF7BW125,-75,6,2498548815,15,11,2019,00:39:21
136,48,19,19,1,255,19,22,0,868.1,SF7BW125,-76,6,2812152461,15,11,2019,00:44:39
137,48,19,19,1,255,19,22,0,868.1,SF7BW125,-75,6,3125761100,15,11,2019,00:49:48
139,48,19,19,1,255,19,22,0,868.1,SF7BW125,-75,6,3752938370,15,11,2019,01:00:16
140,48,19,19,1,255,19,22,0,868.1,SF7BW125,-75,6,4066712019,15,11,2019,01:05:30
141,48,19,19,1,255,19,22,0,868.1,SF7BW125,-75,6,85333355,15,11,2019,01:10:45
142,48,19,19,1,255,18,22,0,868.1,SF7BW125,-75,6,398932992,15,11,2019,01:15:59
143,48,19,19,1,255,19,22,0,868.1,SF7BW125,-75,7,712522630,15,11,2019,01:21:10
144,48,19,19,1,255,18,22,0,868.1,SF7BW125,-75,6,1026118271,15,11,2019,01:26:24
146,48,19,19,1,255,18,22,0,868.1,SF7BW125,-75,6,1653668552,15,11,2019,01:36:51
148,48,19,19,1,255,18,22,0,868.1,SF7BW125,-75,6,2280877818,15,11,2019,01:47:19
149,48,19,19,1,255,18,22,0,868.1,SF7BW125,-74,6,2594481461,15,11,2019,01:52:32
150,48,19,19,1,255,18,22,0,868.1,SF7BW125,-75,6,2908066097,15,11,2019,01:57:46
151,48,19,19,1,255,18,22,0,868.1,SF7BW125,-75,6,3221825735,15,11,2019,02:03:00
152,47,19,19,1,255,18,22,0,868.1,SF7BW125,-75,6,3535412364,15,11,2019,02:08:13
153,47,19,19,1,255,18,22,0,868.1,SF7BW125,-75,6,3849000006,15,11,2019,02:13:30
154,48,19,19,1,255,18,22,0,868.1,SF7BW125,-75,6,4162582637,15,11,2019,02:18:41
155,48,19,19,1,255,18,22,0,868.1,SF7BW125,-75,6,181207984,15,11,2019,02:23:55
157,47,19,19,1,255,18,22,0,868.1,SF7BW125,-75,6,808573250,15,11,2019,02:34:21
159,47,19,19,1,255,18,22,0,868.1,SF7BW125,-75,6,1435832519,15,11,2019,02:44:48
161,47,19,19,1,255,18,22,0,868.1,SF7BW125,-74,5,2063049790,15,11,2019,02:55:16
162,47,19,19,1,255,18,22,0,868.1,SF7BW125,-74,6,2376820432,15,11,2019,03:00:29
163,47,19,19,1,255,18,22,0,868.1,SF7BW125,-75,6,2690577072,15,11,2019,03:05:43
164,47,19,19,1,255,18,22,0,868.1,SF7BW125,-75,6,3004176705,15,11,2019,03:10:58
165,47,19,19,1,255,18,22,0,868.1,SF7BW125,-75,6,3317772346,15,11,2019,03:16:10
166,47,19,19,1,255,18,22,0,868.1,SF7BW125,-74,6,3631392975,15,11,2019,03:21:24
167,47,19,19,1,255,18,22,0,868.1,SF7BW125,-75,5,3944982612,15,11,2019,03:26:38
168,47,19,19,1,255,18,22,0,868.1,SF7BW125,-75,6,4258907249,15,11,2019,03:31:52
169,47,19,19,1,255,18,21,0,868.1,SF7BW125,-75,5,277516590,15,11,2019,03:37:05
170,47,19,19,1,255,18,21,0,868.1,SF7BW125,-75,6,591096223,15,11,2019,03:42:20
172,47,19,19,1,255,18,22,0,868.1,SF7BW125,-75,6,1218296480,15,11,2019,03:52:46
173,47,19,19,1,255,18,21,0,868.1,SF7BW125,-75,6,1532046118,15,11,2019,03:57:59
174,47,19,19,1,255,18,21,0,868.1,SF7BW125,-75,6,1845627743,15,11,2019,04:03:14
176,47,19,19,1,255,18,21,0,868.1,SF7BW125,-75,6,2472804003,15,11,2019,04:13:40
177,47,19,19,1,255,18,21,0,868.1,SF7BW125,-75,6,2786564634,15,11,2019,04:18:55
179,47,19,19,1,255,18,21,0,868.1,SF7BW125,-75,6,3413943897,15,11,2019,04:29:21
180,47,19,19,1,255,18,21,0,868.1,SF7BW125,-75,6,3727566528,15,11,2019,04:34:35
181,47,19,19,1,255,18,21,0,868.1,SF7BW125,-75,6,4041201160,15,11,2019,04:39:48
183,47,19,19,1,255,18,21,0,868.1,SF7BW125,-74,6,373478127,15,11,2019,04:50:16
184,47,19,19,1,255,18,21,0,868.1,SF7BW125,-74,6,687252754,15,11,2019,04:55:30
185,47,19,19,1,255,18,21,0,868.1,SF7BW125,-75,6,1000873375,15,11,2019,05:00:43
186,47,19,19,1,255,18,21,0,868.1,SF7BW125,-75,6,1314477009,15,11,2019,05:05:57
187,47,19,19,1,255,18,21,0,868.1,SF7BW125,-75,6,1628067639,15,11,2019,05:11:11
188,47,19,19,1,255,18,21,0,868.1,SF7BW125,-75,6,1941641265,15,11,2019,05:16:24
189,47,19,18,1,255,18,21,0,868.1,SF7BW125,-75,6,2255217893,15,11,2019,05:21:38
190,47,19,18,1,255,18,21,0,868.1,SF7BW125,-75,6,2568974520,15,11,2019,05:26:52
191,47,19,18,1,255,18,21,0,868.1,SF7BW125,-75,6,2882723144,15,11,2019,05:32:05
192,47,19,18,1,255,18,21,0,868.1,SF7BW125,-75,6,3196487771,15,11,2019,05:37:19
193,47,19,18,1,255,18,21,0,868.1,SF7BW125,-75,6,3510072401,15,11,2019,05:42:35
194,47,19,18,1,255,18,21,0,868.1,SF7BW125,-74,6,3823649028,15,11,2019,05:47:46
196,47,19,18,1,255,18,21,0,868.1,SF7BW125,-74,5,155980979,15,11,2019,05:58:13
197,47,19,18,1,255,18,21,0,868.1,SF7BW125,-74,6,469549606,15,11,2019,06:03:29
198,47,19,18,1,255,18,21,0,868.1,SF7BW125,-74,6,783125232,15,11,2019,06:08:41
199,47,19,18,1,255,18,21,0,868.1,SF7BW125,-74,6,1096700860,15,11,2019,06:13:56
200,47,19,18,1,255,18,21,0,868.1,SF7BW125,-72,6,1410271483,15,11,2019,06:19:08
201,47,19,18,1,255,18,21,0,868.1,SF7BW125,-72,6,1724017109,15,11,2019,06:24:24
202,47,19,18,1,255,18,21,0,868.1,SF7BW125,-72,6,2037611736,15,11,2019,06:29:35
203,48,19,18,1,255,18,21,0,868.1,SF7BW125,-72,6,2351209354,15,11,2019,06:34:49
204,47,19,18,1,255,18,21,0,868.1,SF7BW125,-74,6,2664808986,15,11,2019,06:40:02
205,48,19,18,1,255,18,21,0,868.1,SF7BW125,-74,6,2978401600,15,11,2019,06:45:17
206,48,19,18,1,255,18,21,0,868.1,SF7BW125,-72,6,3292316219,15,11,2019,06:50:29
207,48,19,18,1,255,18,21,0,868.1,SF7BW125,-74,6,3605917840,15,11,2019,06:55:43
208,47,19,18,1,255,18,21,0,868.1,SF7BW125,-74,6,3919666467,15,11,2019,07:01:00
209,47,19,18,1,255,18,21,0,868.1,SF7BW125,-74,6,4233255087,15,11,2019,07:06:11
210,47,19,18,1,255,18,21,0,868.1,SF7BW125,-74,6,251878412,15,11,2019,07:11:27
211,47,19,18,1,255,18,21,0,868.1,SF7BW125,-74,6,565487034,15,11,2019,07:16:41
212,47,19,18,1,255,18,21,0,868.1,SF7BW125,-74,6,879260658,15,11,2019,07:21:53
214,47,19,18,1,255,18,21,0,868.1,SF7BW125,-72,6,1506531905,15,11,2019,07:32:19
215,47,19,18,1,255,18,21,0,868.1,SF7BW125,-72,6,1820076520,15,11,2019,07:37:33
216,47,19,18,1,255,18,21,0,868.1,SF7BW125,-74,6,2133641145,15,11,2019,07:42:46
217,47,19,18,1,255,18,21,0,868.1,SF7BW125,-74,6,2447385773,15,11,2019,07:48:01
218,47,19,18,1,255,18,21,0,868.1,SF7BW125,-74,6,2760972394,15,11,2019,07:53:13
219,47,19,18,1,255,18,21,0,868.1,SF7BW125,-74,6,3074556009,15,11,2019,07:58:27
220,47,19,18,1,255,18,21,0,868.1,SF7BW125,-74,6,3388138640,15,11,2019,08:03:40
221,47,19,18,1,255,18,21,0,868.1,SF7BW125,-74,6,3701745258,15,11,2019,08:08:55
223,47,19,18,1,255,18,21,0,868.1,SF7BW125,-72,6,34079208,15,11,2019,08:19:23
225,47,19,18,1,255,18,21,0,868.1,SF7BW125,-72,6,661218432,15,11,2019,08:29:49
227,47,19,18,1,255,18,21,0,868.1,SF7BW125,-70,6,1288408660,15,11,2019,08:40:16
228,47,19,19,1,255,18,21,0,868.1,SF7BW125,-74,6,1602151275,15,11,2019,08:45:33
229,46,20,19,1,255,18,22,0,868.1,SF7BW125,-71,6,1915720906,15,11,2019,08:50:44
230,46,20,19,1,255,19,22,0,868.1,SF7BW125,-71,7,2229284579,15,11,2019,08:55:58
231,45,20,20,1,255,19,22,0,868.1,SF7BW125,-71,6,2542852288,15,11,2019,09:01:10
232,45,20,20,1,255,19,22,0,868.1,SF7BW125,-71,6,2856417032,15,11,2019,09:06:27
234,45,21,20,1,255,20,23,0,868.1,SF7BW125,-74,6,3483719606,15,11,2019,09:16:51
235,44,21,20,1,255,20,23,0,868.1,SF7BW125,-72,6,3797282445,15,11,2019,09:22:04
236,44,21,21,1,255,20,23,0,868.1,SF7BW125,-71,6,4111025317,15,11,2019,09:27:19
237,44,22,21,1,255,21,24,0,868.1,SF7BW125,-71,6,129633901,15,11,2019,09:32:36
238,44,22,21,1,255,21,24,0,868.1,SF7BW125,-72,6,443230815,15,11,2019,09:37:45
240,44,22,21,1,255,21,24,0,868.1,SF7BW125,-72,6,1070556681,15,11,2019,09:48:13
241,44,22,21,1,255,21,24,0,868.1,SF7BW125,-77,6,1384145615,15,11,2019,09:53:31
242,43,22,21,1,255,21,24,0,868.1,SF7BW125,-75,6,1697730561,15,11,2019,09:58:46
243,43,22,21,1,255,21,24,0,868.1,SF7BW125,-78,6,2011320517,15,11,2019,10:03:54
245,43,22,22,1,255,21,24,0,868.1,SF7BW125,-76,7,2638705385,15,11,2019,10:14:24
247,42,22,22,1,255,22,24,0,868.1,SF7BW125,-84,6,3265893290,15,11,2019,10:24:49
250,43,22,21,1,255,21,24,0,868.1,SF7BW125,-80,6,4207016067,15,11,2019,10:40:30
251,43,22,21,1,255,21,24,0,868.1,SF7BW125,-85,6,225771667,15,11,2019,10:45:43
252,43,22,21,1,255,21,24,0,868.1,SF7BW125,-91,6,539346543,15,11,2019,10:50:59
253,44,21,21,1,255,21,24,0,868.1,SF7BW125,-77,6,852963418,15,11,2019,10:56:11
254,44,21,21,1,255,21,24,0,868.1,SF7BW125,-71,6,1166761277,15,11,2019,11:01:29
0,44,21,21,1,255,21,23,0,868.1,SF7BW125,-84,6,1794175982,15,11,2019,11:11:52
1,44,21,21,1,255,21,23,0,868.1,SF7BW125,-85,6,2107793818,15,11,2019,11:17:05
2,44,21,21,1,255,21,23,0,868.1,SF7BW125,-79,6,2421581654,15,11,2019,11:22:21
3,44,21,21,1,255,21,23,0,868.1,SF7BW125,-78,6,2735192479,15,11,2019,11:27:41
4,44,21,21,1,255,20,23,0,868.1,SF7BW125,-82,6,3048811301,15,11,2019,11:32:46
5,44,21,21,1,255,20,23,0,868.1,SF7BW125,-78,7,3362592120,15,11,2019,11:38:03
6,44,21,21,1,255,20,23,0,868.1,SF7BW125,-84,6,3676227938,15,11,2019,11:43:15
10,44,21,21,1,255,20,23,0,868.1,SF7BW125,-77,6,635886905,15,11,2019,12:04:08
11,44,21,21,1,255,21,23,0,868.1,SF7BW125,-77,6,949656707,15,11,2019,12:09:26
13,44,21,21,1,255,21,23,0,868.1,SF7BW125,-78,6,1576908341,15,11,2019,12:19:50
16,44,21,21,1,255,20,23,0,868.1,SF7BW125,-76,5,2517894741,15,11,2019,12:35:33
18,44,21,21,1,255,20,23,0,868.1,SF7BW125,-78,6,3145105268,15,11,2019,12:46:02
19,44,21,21,1,255,20,23,0,868.1,SF7BW125,-75,6,3458714030,15,11,2019,12:51:12
20,45,21,21,1,255,20,23,0,868.1,SF7BW125,-86,6,3772334788,15,11,2019,12:56:29
22,45,21,21,1,255,20,23,0,868.1,SF7BW125,-83,7,104710035,15,11,2019,13:06:54
23,44,21,21,1,255,20,23,0,868.1,SF7BW125,-77,6,418298792,15,11,2019,13:12:05
24,44,21,21,1,255,20,23,0,868.1,SF7BW125,-75,6,731888531,15,11,2019,13:17:25
25,44,21,21,1,255,20,23,0,868.1,SF7BW125,-75,6,1045643274,15,11,2019,13:22:34
28,44,21,21,1,255,20,23,0,868.1,SF7BW125,-77,6,1986588443,15,11,2019,13:38:15
29,44,21,21,1,255,20,23,0,868.1,SF7BW125,-75,5,2300333157,15,11,2019,13:43:32
31,45,21,21,1,255,20,23,0,868.1,SF7BW125,-77,6,2927648616,15,11,2019,13:53:58
32,44,21,21,1,255,20,23,0,868.1,SF7BW125,-82,6,3241260371,15,11,2019,13:59:08
33,44,21,21,1,255,20,23,0,868.1,SF7BW125,-75,6,3555051130,15,11,2019,14:04:24
34,44,21,21,1,255,20,23,0,868.1,SF7BW125,-74,6,3868658881,15,11,2019,14:09:41
36,45,21,21,1,255,20,23,0,868.1,SF7BW125,-77,6,200901112,15,11,2019,14:20:03
37,44,21,21,1,255,20,23,0,868.1,SF7BW125,-75,6,514523879,15,11,2019,14:25:16
38,44,21,21,1,255,20,23,0,868.1,SF7BW125,-74,6,828150651,15,11,2019,14:30:36
40,44,21,21,1,255,20,23,0,868.1,SF7BW125,-78,6,1455603195,15,11,2019,14:41:01
42,43,21,21,1,255,20,23,0,868.1,SF7BW125,-83,6,2082833765,15,11,2019,14:51:28
43,43,21,21,1,255,20,23,0,868.1,SF7BW125,-96,6,2396428552,15,11,2019,14:56:40
44,43,21,21,1,255,20,23,0,868.1,SF7BW125,-83,6,2710192343,15,11,2019,15:01:54
45,43,21,21,1,255,20,23,0,868.1,SF7BW125,-75,6,3023793141,15,11,2019,15:07:06
46,43,21,20,1,255,20,23,0,868.1,SF7BW125,-77,6,3337407934,15,11,2019,15:12:21
47,43,21,20,1,255,20,23,0,868.1,SF7BW125,-76,6,3651172721,15,11,2019,15:17:41
50,43,21,20,1,255,20,23,0,868.1,SF7BW125,-76,6,297156787,15,11,2019,15:33:17
53,44,21,20,1,255,20,23,0,868.1,SF7BW125,-79,6,1237923149,15,11,2019,15:48:58
54,44,21,20,1,255,20,23,0,868.1,SF7BW125,-78,6,1551492927,15,11,2019,15:54:09
55,44,21,20,1,255,20,23,0,868.1,SF7BW125,-89,6,1865239699,15,11,2019,15:59:30
57,43,21,20,1,255,20,23,0,868.1,SF7BW125,-76,6,2492420238,15,11,2019,16:09:51
60,44,20,20,1,255,20,23,0,868.1,SF7BW125,-77,6,3433331519,15,11,2019,16:25:33
62,44,20,20,1,255,20,22,0,868.1,SF7BW125,-77,6,4060744019,15,11,2019,16:36:01
63,44,20,20,1,255,20,22,0,868.1,SF7BW125,-77,6,79373468,15,11,2019,16:41:15
65,44,20,20,1,255,20,22,0,868.1,SF7BW125,-75,6,706590961,15,11,2019,16:52:56
68,44,20,20,1,255,20,22,0,868.1,SF7BW125,-78,6,1647793227,15,11,2019,17:07:26
69,44,20,20,1,255,20,22,0,868.1,SF7BW125,-79,6,1961421969,15,11,2019,17:12:49
70,44,20,20,1,255,20,22,0,868.1,SF7BW125,-79,6,2275222712,15,11,2019,17:17:49
72,44,20,20,1,255,19,22,0,868.1,SF7BW125,-77,6,2902539191,15,11,2019,17:28:26
75,44,20,20,1,255,19,22,0,868.1,SF7BW125,-77,6,3843255405,15,11,2019,17:43:58
77,44,20,20,1,255,19,22,0,868.1,SF7BW125,-79,6,175612587,15,11,2019,17:54:26
79,44,20,20,1,255,19,22,0,868.1,SF7BW125,-78,6,802937057,15,11,2019,18:04:50
81,44,20,20,1,255,19,22,0,868.1,SF7BW125,-76,6,1430168528,15,11,2019,18:15:22
82,44,20,20,1,255,19,22,0,868.1,SF7BW125,-78,6,1743817263,15,11,2019,18:22:33
83,44,20,20,1,255,19,22,0,868.1,SF7BW125,-77,6,2057600001,15,11,2019,18:25:45
84,44,20,20,1,255,19,22,0,868.1,SF7BW125,-77,7,2371220734,15,11,2019,18:31:02
85,44,20,20,1,255,19,22,0,868.1,SF7BW125,-78,6,2684831472,15,11,2019,18:36:12
86,44,20,20,1,255,19,22,0,868.1,SF7BW125,-77,6,2998435208,15,11,2019,18:41:35
87,44,20,20,1,255,19,22,0,868.1,SF7BW125,-79,6,3312031940,15,11,2019,18:46:41
